{"MNLI_roberta-large-mnli": 742.1311385631561}
{"BLANC": 8543.099925756454}
{"BERTScore_microsoft-deberta-xlarge-mnli_f": 1364.646954536438}
{"AlignScore-nli_sp-roberta-large": 9578.171047210693}
{"BERTScore_microsoft-deberta-xlarge-mnli_f": 2183.1705465316772}
